cliente_id,nombre,apellido,email,telefono,direccion
1,Verónica,Cabrera Sánchez,verónica.cabrera.sánchez@example.com,+34 975570603,"Avenida de Emilio Palomo 306, Huelva, 46891"
2,David,Rodríguez Rodríguez,david.rodríguez.rodríguez@example.com,+34945 34 00 22,"Urbanización Trini Heras 1 Puerta 3 , Lleida, 19381"
3,Carmen,Zambrano Rodríguez,carmen.zambrano.rodríguez@example.com,+34985 563 063,"Plaza de María Pilar Carrión 89 Puerta 7 , Málaga, 09679"
4,Luis,Zambrano García,luis.zambrano.garcía@example.com,+34902 845 134,"Rambla de Ainoa Garcés 92, Badajoz, 47796"
5,David,Cabrera Daquilema,david.cabrera.daquilema@example.com,+34 978 024 314,"Pasaje de Juana Marquez 11, La Coruña, 50561"
6,Carmen,Cabrera Sánchez,carmen.cabrera.sánchez@example.com,+34 921392951,"Acceso Heriberto Fonseca 37 Apt. 24 , Lugo, 38017"
7,Sofía,Lema Zambrano,sofía.lema.zambrano@example.com,+34 883 949 771,"Cuesta de Pastora Montoya 19 Puerta 8 , Zaragoza, 44453"
8,Carmen,Guamán Zambrano,carmen.guamán.zambrano@example.com,+34820216696,"Cuesta Chita Cifuentes 9 Apt. 41 , Palencia, 46286"
9,Carmen,Morocho Zambrano,carmen.morocho.zambrano@example.com,+34871 57 22 28,"Rambla de Daniela Aguirre 562, Huelva, 18412"
10,María,Daquilema Sánchez,maría.daquilema.sánchez@example.com,+34884 22 61 01,"Vial Gabino Asensio 53 Puerta 3 , Girona, 20818"
11,Ana,García Sánchez,ana.garcía.sánchez@example.com,+34944 43 40 53,"Acceso Jerónimo Garcia 15 Apt. 94 , Santa Cruz de Tenerife, 45191"
12,Luis,Zambrano Cabrera,luis.zambrano.cabrera@example.com,+34820821041,"Cañada de Fidel Ortiz 48, Ourense, 29013"
13,José,Guamán Daquilema,josé.guamán.daquilema@example.com,+34 988 353 957,"Vial Encarnacion Tovar 93, Tarragona, 43023"
14,José,Rodríguez Zambrano,josé.rodríguez.zambrano@example.com,+34982977926,"Plaza Loreto Garcés 59, Guipúzcoa, 40160"
15,Verónica,Sánchez Zambrano,verónica.sánchez.zambrano@example.com,+34 981 669 885,"Urbanización de Arturo Quintanilla 92 Puerta 7 , Guipúzcoa, 13700"
16,Sofía,Rodríguez García,sofía.rodríguez.garcía@example.com,+34873384551,"Acceso Francisco Jose Mesa 44 Piso 0 , Ávila, 26340"
17,Verónica,Sánchez Cabrera,verónica.sánchez.cabrera@example.com,+34 883 502 402,"Cuesta Hermenegildo Jurado 94, Zaragoza, 13525"
18,Juan,Daquilema Rodríguez,juan.daquilema.rodríguez@example.com,+34613212666,"Rambla de Montserrat Cuesta 714 Apt. 90 , Soria, 41556"
19,Verónica,Rodríguez Cabrera,verónica.rodríguez.cabrera@example.com,+34 874623540,"Via de Águeda Tur 2 Piso 6 , Albacete, 27970"
20,Carlos,Daquilema Sánchez,carlos.daquilema.sánchez@example.com,+34 708 859 174,"C. de Pilar Mur 7 Piso 2 , Lugo, 39783"
21,Luis,Guamán Daquilema,luis.guamán.daquilema@example.com,+34 842 17 60 18,"Avenida de Matías Sebastián 17, Lleida, 01065"
22,David,Daquilema Guamán,david.daquilema.guamán@example.com,+34803 144 087,"Acceso Elvira Torrents 90 Apt. 45 , Guipúzcoa, 03165"
23,José,Guamán Rodríguez,josé.guamán.rodríguez@example.com,+34828 342 930,"Urbanización de Claudio Viñas 6, Ourense, 26669"
24,Juan,Lema Cabrera,juan.lema.cabrera@example.com,+34 748 98 26 39,"Pasadizo de Sancho Méndez 3, Cádiz, 32465"
25,David,Daquilema Daquilema,david.daquilema.daquilema@example.com,+34871 92 74 44,"Acceso de Teodoro Roma 92 Puerta 3 , Vizcaya, 46179"
26,Luis,Morocho Lema,luis.morocho.lema@example.com,+34987 92 94 43,"Camino Eva María Cantón 4, Burgos, 40271"
27,Verónica,García García,verónica.garcía.garcía@example.com,+34 902 02 99 93,"Via de Samuel Seguí 450 Puerta 9 , Valladolid, 04659"
28,Verónica,Pilco García,verónica.pilco.garcía@example.com,+34 847197838,"Rambla Juan Antonio Gallardo 78 Puerta 7 , Segovia, 06920"
29,Carmen,García Morocho,carmen.garcía.morocho@example.com,+34 984807788,"Glorieta Jose Ramón Lozano 251 Puerta 3 , Lugo, 46698"
30,Ana,Cabrera Zambrano,ana.cabrera.zambrano@example.com,+34 846 305 918,"Avenida Cornelio Escalona 475 Puerta 1 , Toledo, 04568"
31,José,Pilco García,josé.pilco.garcía@example.com,+34 841813876,"Vial Juana Miranda 90, Zamora, 22656"
32,David,Zambrano Sánchez,david.zambrano.sánchez@example.com,+34972448522,"Cañada Julián Gonzalez 693 Puerta 0 , Lleida, 02888"
33,Luis,Morocho Daquilema,luis.morocho.daquilema@example.com,+34822 079 173,"Acceso Anunciación Casanovas 34 Piso 4 , Tarragona, 41606"
34,José,Sánchez Zambrano,josé.sánchez.zambrano@example.com,+34825 48 99 49,"Rambla Noelia Agudo 37 Apt. 91 , Palencia, 15712"
35,Verónica,Lema Lema,verónica.lema.lema@example.com,+34 800 287 363,"Camino Edelmiro Escrivá 35 Piso 4 , Guadalajara, 11550"
36,José,Morocho Rodríguez,josé.morocho.rodríguez@example.com,+34 926 854 083,"Cañada Raimundo Romeu 370, Guadalajara, 08275"
37,Carlos,Sánchez Sánchez,carlos.sánchez.sánchez@example.com,+34927700512,"Vial Amando Criado 984, Ourense, 17917"
38,David,Cabrera García,david.cabrera.garcía@example.com,+34943924520,"Rambla Sarita Rivas 125 Piso 0 , Santa Cruz de Tenerife, 47065"
39,Luis,Morocho Morocho,luis.morocho.morocho@example.com,+34 941 34 15 07,"Avenida de Gervasio Piñeiro 4 Piso 9 , Córdoba, 27290"
40,Juan,Morocho Lema,juan.morocho.lema@example.com,+34 921 922 449,"Glorieta Nydia Trillo 82 Piso 2 , Guipúzcoa, 13602"
41,María,García Zambrano,maría.garcía.zambrano@example.com,+34845753442,"Plaza de Priscila Gutierrez 88, Alicante, 43959"
42,José,Lema Guamán,josé.lema.guamán@example.com,+34 928 71 56 51,"Cuesta Ciriaco Crespo 796 Piso 2 , La Coruña, 07586"
43,Verónica,Guamán Morocho,verónica.guamán.morocho@example.com,+34950 64 25 29,"Glorieta Severo Ochoa 35 Puerta 0 , Segovia, 44773"
44,José,García Zambrano,josé.garcía.zambrano@example.com,+34702178931,"Avenida Alondra Acero 864, Málaga, 07677"
45,Sofía,Sánchez Morocho,sofía.sánchez.morocho@example.com,+34648 51 50 06,"Vial de Miguel Ángel Tejera 92 Puerta 1 , Asturias, 18926"
46,José,Rodríguez Lema,josé.rodríguez.lema@example.com,+34975 805 680,"Calle de Nicolás Jiménez 9 Puerta 8 , Burgos, 16095"
47,José,Sánchez García,josé.sánchez.garcía@example.com,+34 827 872 510,"Cañada María Del Carmen Boix 28, Murcia, 01672"
48,Luis,Sánchez García,luis.sánchez.garcía@example.com,+34726 119 295,"Avenida Ariel Andrade 790 Piso 2 , Valencia, 37966"
49,Sofía,Zambrano Cabrera,sofía.zambrano.cabrera@example.com,+34 973 38 15 29,"Avenida Fabio Borrego 54, Las Palmas, 05361"
50,Juan,Daquilema Guamán,juan.daquilema.guamán@example.com,+34720924751,"Vial Nazaret Madrigal 241, Zaragoza, 31443"
51,Carlos,Sánchez Lema,carlos.sánchez.lema@example.com,+34 875 19 90 78,"Acceso Lola Fuentes 72, Navarra, 13383"
52,Sofía,Daquilema Lema,sofía.daquilema.lema@example.com,+34 823394506,"Cañada de Amada Coello 368 Piso 9 , Burgos, 28779"
53,José,García Rodríguez,josé.garcía.rodríguez@example.com,+34 947987605,"C. de Darío Gracia 1, Cantabria, 27973"
54,Verónica,Cabrera Rodríguez,verónica.cabrera.rodríguez@example.com,+34 976977946,"Glorieta de Gustavo Aramburu 308, Girona, 06084"
55,Luis,Pilco Pilco,luis.pilco.pilco@example.com,+34883369804,"Camino Ignacio Arce 52 Apt. 98 , Barcelona, 40309"
56,Verónica,Daquilema Sánchez,verónica.daquilema.sánchez@example.com,+34 748 916 643,"Plaza de Samuel Villar 33, Castellón, 45839"
57,Sofía,Cabrera Pilco,sofía.cabrera.pilco@example.com,+34 947 21 12 88,"Acceso Purificación Alcaraz 495, Cádiz, 35545"
58,David,Zambrano Cabrera,david.zambrano.cabrera@example.com,+34 942 770 051,"Vial Fabiana Castro 54 Puerta 0 , Huesca, 18796"
59,Luis,Daquilema Daquilema,luis.daquilema.daquilema@example.com,+34848 44 16 39,"Callejón de Maricela Marin 19 Apt. 63 , Santa Cruz de Tenerife, 07271"
60,Juan,Daquilema Morocho,juan.daquilema.morocho@example.com,+34877 350 521,"Calle Leticia Aguado 37 Piso 1 , Las Palmas, 39922"
61,Juan,Guamán Guamán,juan.guamán.guamán@example.com,+34 861 565 458,"Vial de Guadalupe Naranjo 4, Barcelona, 08369"
62,Luis,Sánchez Lema,luis.sánchez.lema@example.com,+34927106967,"Urbanización de Trinidad Cerdán 46, Huesca, 03455"
63,Carlos,Zambrano Zambrano,carlos.zambrano.zambrano@example.com,+34 947167166,"Paseo Alexandra Gálvez 20, Melilla, 11634"
64,Sofía,Guamán Lema,sofía.guamán.lema@example.com,+34945951506,"Acceso Ismael Casanovas 1, Toledo, 33771"
65,David,Daquilema García,david.daquilema.garcía@example.com,+34 821 25 00 07,"Rambla Fabián Solís 36 Apt. 73 , Jaén, 49810"
66,David,Sánchez Morocho,david.sánchez.morocho@example.com,+34 971243100,"Plaza de Emma Córdoba 58 Puerta 5 , Huelva, 39234"
67,Carlos,García Guamán,carlos.garcía.guamán@example.com,+34877 54 09 35,"Pasadizo de Maristela Cobos 7 Apt. 69 , La Rioja, 48120"
68,Carlos,Rodríguez Sánchez,carlos.rodríguez.sánchez@example.com,+34881 79 19 77,"Pasadizo de Tania Pons 8 Puerta 3 , Badajoz, 38098"
69,José,Lema Lema,josé.lema.lema@example.com,+34 865 39 38 99,"Camino de Iker Baños 25 Puerta 0 , Ciudad, 46114"
70,Carlos,Pilco Sánchez,carlos.pilco.sánchez@example.com,+34871 751 502,"Rambla Mario Salamanca 86 Puerta 4 , Girona, 31924"
71,María,García Daquilema,maría.garcía.daquilema@example.com,+34 948 563 047,"Pasadizo Pía Rivero 6, Huelva, 38185"
72,Ana,Zambrano Sánchez,ana.zambrano.sánchez@example.com,+34 807305621,"Callejón Valero Osorio 767 Piso 2 , Las Palmas, 14543"
73,Juan,Lema García,juan.lema.garcía@example.com,+34927 34 83 42,"Glorieta Azahar Cánovas 814 Piso 8 , Cádiz, 08610"
74,José,Lema García,josé.lema.garcía@example.com,+34 806 42 47 52,"Camino de Paula Iñiguez 28, Huelva, 21804"
75,Carmen,Lema García,carmen.lema.garcía@example.com,+34 941 725 629,"Urbanización Filomena Serna 593 Apt. 82 , Tarragona, 08943"
76,David,Daquilema Cabrera,david.daquilema.cabrera@example.com,+34800 69 97 03,"Paseo de Isaura Verdú 204 Puerta 3 , Ourense, 21755"
77,José,Rodríguez Cabrera,josé.rodríguez.cabrera@example.com,+34845 81 24 65,"Ronda Dimas Marquez 50, Castellón, 35623"
78,Carlos,García Daquilema,carlos.garcía.daquilema@example.com,+34923 26 06 51,"Camino Aurelia Pozo 23 Puerta 0 , Ourense, 06356"
79,Sofía,Cabrera Zambrano,sofía.cabrera.zambrano@example.com,+34 944 09 51 46,"Vial de Silvio Juan 6 Piso 0 , Granada, 35962"
80,José,Guamán Sánchez,josé.guamán.sánchez@example.com,+34 913937868,"Rambla de Diana Valera 6, Ávila, 26500"
81,David,Lema García,david.lema.garcía@example.com,+34876 67 65 32,"C. Sara Rincón 92 Apt. 34 , Sevilla, 34495"
82,Juan,Rodríguez Pilco,juan.rodríguez.pilco@example.com,+34924179273,"Callejón de Jorge Casares 2, Soria, 13410"
83,Luis,Rodríguez Rodríguez,luis.rodríguez.rodríguez@example.com,+34826 27 71 78,"Pasaje Osvaldo Zorrilla 46, Guipúzcoa, 51679"
84,María,Zambrano Sánchez,maría.zambrano.sánchez@example.com,+34826 542 052,"Pasaje Isidro Arribas 160 Puerta 7 , Huesca, 47017"
85,Ana,Lema Daquilema,ana.lema.daquilema@example.com,+34953 65 82 78,"Calle de Aitana Girón 54, Vizcaya, 51358"
86,Luis,García Morocho,luis.garcía.morocho@example.com,+34986976184,"Urbanización Chuy Bustos 988 Piso 8 , Girona, 40079"
87,Verónica,García Pilco,verónica.garcía.pilco@example.com,+34 943 32 89 29,"Via de Amando Peinado 21, Lleida, 21973"
88,José,Pilco Pilco,josé.pilco.pilco@example.com,+34 821 528 800,"Acceso de Raimundo Mata 6 Puerta 7 , Huelva, 44203"
89,Carlos,Guamán García,carlos.guamán.garcía@example.com,+34915004005,"Vial Arsenio Mendizábal 88 Apt. 97 , Valladolid, 12328"
90,Carlos,Cabrera Rodríguez,carlos.cabrera.rodríguez@example.com,+34 977718271,"Pasaje Cloe Martorell 16, Huelva, 10780"
91,María,Rodríguez Lema,maría.rodríguez.lema@example.com,+34841 489 469,"Plaza de Ester Losada 83 Apt. 97 , Zamora, 34161"
92,Juan,Lema Zambrano,juan.lema.zambrano@example.com,+34 883 51 98 28,"Plaza Socorro Calleja 13 Puerta 4 , Murcia, 04110"
93,Carmen,Lema Sánchez,carmen.lema.sánchez@example.com,+34843 724 535,"Cuesta de Anunciación Moles 8, Santa Cruz de Tenerife, 29520"
94,David,Sánchez Pilco,david.sánchez.pilco@example.com,+34 860 61 58 15,"Pasaje Marcelo Ramis 475, Cádiz, 17180"
95,David,Morocho Cabrera,david.morocho.cabrera@example.com,+34842 904 535,"Calle de Félix Cerdán 28 Piso 1 , La Rioja, 14937"
96,José,Lema Pilco,josé.lema.pilco@example.com,+34 977 73 32 68,"Pasadizo de Ciriaco Morante 14 Apt. 25 , La Rioja, 05572"
97,Carlos,Sánchez García,carlos.sánchez.garcía@example.com,+34 844 99 00 08,"Calle de Azeneth Acuña 73 Puerta 3 , Murcia, 17097"
98,José,Zambrano Daquilema,josé.zambrano.daquilema@example.com,+34986 597 382,"Plaza de Sosimo Estévez 453, Ourense, 31675"
99,Sofía,Morocho Guamán,sofía.morocho.guamán@example.com,+34 878 757 558,"Callejón de Eustaquio Vargas 510, La Rioja, 43401"
100,María,Cabrera Sánchez,maría.cabrera.sánchez@example.com,+34 849 55 07 43,"Alameda Gabriela Fernández 32 Piso 1 , Tarragona, 50476"
101,José,Morocho Guamán,josé.morocho.guamán@example.com,+34883 88 95 59,"Avenida de Jafet Colomer 62 Puerta 2 , Valencia, 21490"
102,Ana,García Rodríguez,ana.garcía.rodríguez@example.com,+34 728 613 279,"Alameda Aurelio Manjón 98, Ourense, 02470"
103,Carlos,García Morocho,carlos.garcía.morocho@example.com,+34803 173 783,"Callejón Jonatan Nieto 90 Piso 1 , Santa Cruz de Tenerife, 35748"
104,Luis,Daquilema Rodríguez,luis.daquilema.rodríguez@example.com,+34984 82 06 54,"Avenida Chita Agullo 42, Santa Cruz de Tenerife, 10901"
105,Carmen,Lema Sánchez,carmen.lema.sánchez@example.com,+34817583501,"Cañada Hector Cuervo 54, Toledo, 37959"
106,Luis,Daquilema Rodríguez,luis.daquilema.rodríguez@example.com,+34 988 806 854,"Ronda Marciano Herrero 48, Vizcaya, 09874"
107,Carmen,García Pilco,carmen.garcía.pilco@example.com,+34947 408 986,"Vial Noelia Carvajal 675 Apt. 75 , Toledo, 29132"
108,Carlos,Pilco Daquilema,carlos.pilco.daquilema@example.com,+34 879 127 434,"C. de Pepito Bermúdez 35 Apt. 48 , Huesca, 06586"
109,María,Pilco Guamán,maría.pilco.guamán@example.com,+34 886 31 65 89,"Avenida de Pepito Rosado 7 Apt. 30 , Cádiz, 25111"
110,María,Morocho Guamán,maría.morocho.guamán@example.com,+34 825253266,"Cañada Apolinar Madrigal 47 Piso 2 , Navarra, 28408"
111,Carmen,Morocho García,carmen.morocho.garcía@example.com,+34983 30 71 65,"Via Edu Fernández 38 Puerta 4 , Lugo, 17251"
112,Sofía,Cabrera Pilco,sofía.cabrera.pilco@example.com,+34740 656 476,"Paseo Valeria Montenegro 519, Granada, 41635"
113,Verónica,Cabrera Morocho,verónica.cabrera.morocho@example.com,+34708254824,"Paseo de Luisina Moraleda 1 Puerta 0 , Segovia, 46490"
114,José,Sánchez Daquilema,josé.sánchez.daquilema@example.com,+34974151162,"Acceso de Edgardo Salinas 10 Apt. 50 , Baleares, 44152"
115,Ana,Daquilema García,ana.daquilema.garcía@example.com,+34841 255 329,"Rambla Noemí Torrens 36, Palencia, 51152"
116,Ana,Daquilema Morocho,ana.daquilema.morocho@example.com,+34738 240 379,"Acceso de Consuelo Carro 57, Santa Cruz de Tenerife, 19578"
117,Carlos,Sánchez Zambrano,carlos.sánchez.zambrano@example.com,+34 936 37 33 51,"Calle de Cecilio Correa 531 Puerta 2 , Zaragoza, 22041"
118,Carmen,Morocho Sánchez,carmen.morocho.sánchez@example.com,+34887 833 917,"Camino Adrián Cobos 233, Teruel, 03391"
119,Sofía,Zambrano García,sofía.zambrano.garcía@example.com,+34 959 367 395,"Glorieta Ester Pallarès 1, Navarra, 27579"
120,David,García Sánchez,david.garcía.sánchez@example.com,+34946 490 079,"Cañada de Jaime Menéndez 99 Apt. 47 , Girona, 05105"
121,Carlos,Zambrano García,carlos.zambrano.garcía@example.com,+34 973 553 827,"Urbanización de Casandra Vilaplana 78, Las Palmas, 26188"
122,David,Pilco Rodríguez,david.pilco.rodríguez@example.com,+34985 683 434,"Via de Evangelina Palomares 28 Puerta 1 , Las Palmas, 03194"
123,Juan,Pilco Cabrera,juan.pilco.cabrera@example.com,+34 978 862 701,"Alameda Vicente Riba 92, Tarragona, 07214"
124,José,Lema Zambrano,josé.lema.zambrano@example.com,+34 842 13 20 70,"Plaza de Eli Checa 56, Castellón, 44706"
125,David,Guamán Sánchez,david.guamán.sánchez@example.com,+34 882 599 496,"C. de Cayetana Sarabia 6 Piso 8 , Teruel, 26176"
126,Juan,Guamán Zambrano,juan.guamán.zambrano@example.com,+34 975 613 364,"Calle de Juan Téllez 8 Piso 9 , Baleares, 03646"
127,Carmen,Daquilema Rodríguez,carmen.daquilema.rodríguez@example.com,+34 885 56 11 03,"Rambla de Olivia Bautista 69, Baleares, 50918"
128,María,Morocho Cabrera,maría.morocho.cabrera@example.com,+34 972 89 07 76,"Cañada Joan Ocaña 42, Baleares, 37449"
129,José,Morocho García,josé.morocho.garcía@example.com,+34 949 641 326,"Cuesta Beatriz Boada 887 Puerta 2 , Salamanca, 12612"
130,María,Sánchez Morocho,maría.sánchez.morocho@example.com,+34872 42 32 65,"Paseo Hipólito Bayo 57 Piso 8 , Ourense, 21159"
131,Juan,Rodríguez García,juan.rodríguez.garcía@example.com,+34 888 060 733,"Rambla de Noa Cano 2 Piso 3 , Tarragona, 17852"
132,María,Daquilema Lema,maría.daquilema.lema@example.com,+34 972 822 027,"Calle Carolina Rosselló 324 Puerta 7 , Las Palmas, 50524"
133,Luis,Guamán Zambrano,luis.guamán.zambrano@example.com,+34 941 38 79 89,"Urbanización de Jovita Calatayud 80, Cuenca, 28305"
134,Carlos,Lema Zambrano,carlos.lema.zambrano@example.com,+34888810626,"Urbanización Candelas Escrivá 159 Piso 4 , Burgos, 32242"
135,David,Sánchez Zambrano,david.sánchez.zambrano@example.com,+34 825 58 23 23,"C. Haydée Estevez 42 Puerta 5 , Jaén, 12592"
136,Sofía,Sánchez Cabrera,sofía.sánchez.cabrera@example.com,+34725859108,"Cuesta de Azucena Herrera 591 Apt. 73 , Almería, 02112"
137,Luis,García Zambrano,luis.garcía.zambrano@example.com,+34 927523234,"Pasadizo Isaura Daza 19 Piso 6 , Huesca, 45881"
138,Carmen,Pilco Cabrera,carmen.pilco.cabrera@example.com,+34 985 287 680,"Calle de Esperanza Bravo 6 Puerta 9 , Guipúzcoa, 20240"
139,Juan,Morocho Daquilema,juan.morocho.daquilema@example.com,+34 736 966 561,"Acceso de Esteban Ramírez 95 Puerta 9 , Álava, 45925"
140,Verónica,Zambrano Lema,verónica.zambrano.lema@example.com,+34 826314830,"Cuesta Josefina Chaves 69, Castellón, 49745"
141,Sofía,Guamán Cabrera,sofía.guamán.cabrera@example.com,+34 925 98 64 54,"Pasaje de Edu Arjona 16, Cuenca, 07667"
142,Verónica,Daquilema García,verónica.daquilema.garcía@example.com,+34 800 83 28 86,"C. de Pedro Dalmau 588, León, 23936"
143,Carlos,Lema Sánchez,carlos.lema.sánchez@example.com,+34 803133033,"Pasaje Liliana Prat 67 Piso 0 , Salamanca, 50723"
144,Sofía,Sánchez Lema,sofía.sánchez.lema@example.com,+34 825 372 389,"Rambla Hermenegildo Nevado 91 Apt. 77 , Toledo, 40777"
145,Carlos,Rodríguez Morocho,carlos.rodríguez.morocho@example.com,+34972037525,"Plaza de Severo Santos 69 Piso 7 , Vizcaya, 24280"
146,Sofía,Sánchez Daquilema,sofía.sánchez.daquilema@example.com,+34 902 805 305,"Callejón de Maximino Barba 375 Apt. 46 , Tarragona, 38227"
147,Carmen,Daquilema Sánchez,carmen.daquilema.sánchez@example.com,+34922 82 67 71,"Vial de Pilar Cortina 35, Melilla, 40654"
148,David,Rodríguez Sánchez,david.rodríguez.sánchez@example.com,+34 980 702 807,"Vial Cristina Galván 92 Piso 2 , Cuenca, 41487"
149,Luis,Pilco Morocho,luis.pilco.morocho@example.com,+34879 43 53 70,"Vial Gema Cuervo 4, Guadalajara, 12598"
150,Juan,García Pilco,juan.garcía.pilco@example.com,+34807 27 55 16,"Acceso de Luisina Castelló 4 Piso 9 , Albacete, 22652"
151,María,Sánchez Morocho,maría.sánchez.morocho@example.com,+34 882 40 73 44,"Vial Federico Lorenzo 5, La Coruña, 26570"
152,José,Zambrano García,josé.zambrano.garcía@example.com,+34988 041 738,"Alameda de Magdalena Nebot 22, La Rioja, 23773"
153,David,Zambrano Pilco,david.zambrano.pilco@example.com,+34 842230780,"Calle de Salomón Goicoechea 5, Soria, 19346"
154,Ana,Daquilema Daquilema,ana.daquilema.daquilema@example.com,+34818 483 354,"Glorieta Dorita Arcos 51, Castellón, 50951"
155,José,García Cabrera,josé.garcía.cabrera@example.com,+34 980807153,"Cañada de Jacinto Herranz 41 Piso 5 , Castellón, 30004"
156,Juan,Zambrano Zambrano,juan.zambrano.zambrano@example.com,+34 881 74 83 13,"Cañada de Liliana Royo 78 Puerta 0 , Córdoba, 37574"
157,David,Morocho Cabrera,david.morocho.cabrera@example.com,+34888738802,"Plaza Primitivo Gomis 99, Sevilla, 08019"
158,María,Lema García,maría.lema.garcía@example.com,+34 920 783 524,"Urbanización Clara Palacio 6 Puerta 6 , Teruel, 49744"
159,David,Daquilema Cabrera,david.daquilema.cabrera@example.com,+34879821035,"Pasadizo de Benito Arteaga 57, Guadalajara, 48084"
160,Ana,Zambrano Zambrano,ana.zambrano.zambrano@example.com,+34 869191790,"C. Felicidad Nicolau 8, Salamanca, 10748"
161,Juan,Cabrera Sánchez,juan.cabrera.sánchez@example.com,+34 880 16 98 64,"Camino Anastasia Acevedo 86, Castellón, 45663"
162,Sofía,Pilco Morocho,sofía.pilco.morocho@example.com,+34 887712007,"Calle Consuela Royo 83, Albacete, 15020"
163,Luis,Guamán Sánchez,luis.guamán.sánchez@example.com,+34 942141119,"Camino Leonel Tur 7, Granada, 21814"
164,Ana,Sánchez Morocho,ana.sánchez.morocho@example.com,+34887 725 122,"Camino Viviana Castilla 313, Girona, 49047"
165,Luis,Lema Sánchez,luis.lema.sánchez@example.com,+34 825 157 269,"Avenida Natalia Sola 56 Piso 7 , Granada, 12375"
166,Carlos,Cabrera Daquilema,carlos.cabrera.daquilema@example.com,+34 982 787 413,"Calle Lina Pol 58 Apt. 18 , Lugo, 48984"
167,Carlos,Pilco Sánchez,carlos.pilco.sánchez@example.com,+34 828482755,"Callejón Gloria Montalbán 7 Piso 3 , Cuenca, 02409"
168,Carlos,Pilco Pilco,carlos.pilco.pilco@example.com,+34887 29 85 82,"Acceso de Georgina Catalán 57, Sevilla, 20407"
169,Ana,Sánchez Pilco,ana.sánchez.pilco@example.com,+34 988871942,"Plaza Ulises Sanchez 580, Álava, 16816"
170,María,Cabrera Pilco,maría.cabrera.pilco@example.com,+34872 355 099,"Callejón de María Pilar Silva 53 Piso 8 , Burgos, 39886"
171,María,Guamán Sánchez,maría.guamán.sánchez@example.com,+34 653 36 93 51,"Glorieta de Julieta Gaya 4 Puerta 9 , Cantabria, 50279"
172,Carlos,García Morocho,carlos.garcía.morocho@example.com,+34827335012,"Pasadizo Francisco Javier Torre 72 Piso 5 , Barcelona, 39068"
173,María,García Daquilema,maría.garcía.daquilema@example.com,+34 850 81 10 28,"Cañada de Mirta Sacristán 60, Murcia, 50805"
174,Sofía,Guamán Sánchez,sofía.guamán.sánchez@example.com,+34 925 571 110,"Glorieta Arcelia Valderrama 27 Piso 3 , Baleares, 50686"
175,Sofía,Lema Lema,sofía.lema.lema@example.com,+34824 61 17 45,"Callejón de Ruth Feijoo 37 Puerta 6 , Sevilla, 23840"
176,María,García Pilco,maría.garcía.pilco@example.com,+34 846 44 06 61,"Alameda de Fabio Tapia 819, Guipúzcoa, 46735"
177,Verónica,Zambrano Cabrera,verónica.zambrano.cabrera@example.com,+34800 72 99 56,"C. de Manuelita Arias 7 Piso 7 , Baleares, 44329"
178,María,Guamán Guamán,maría.guamán.guamán@example.com,+34 740 75 28 28,"Cuesta de Albino Segura 90, Cantabria, 24017"
179,Carlos,Morocho Zambrano,carlos.morocho.zambrano@example.com,+34828295805,"Plaza Severino Sandoval 8, Ciudad, 41139"
180,María,Sánchez Zambrano,maría.sánchez.zambrano@example.com,+34854 433 518,"Avenida de Julio Menéndez 52, Córdoba, 39360"
181,María,Rodríguez García,maría.rodríguez.garcía@example.com,+34876674012,"Pasaje Luna Morata 8 Piso 5 , Huesca, 43542"
182,José,Lema Rodríguez,josé.lema.rodríguez@example.com,+34880 58 99 42,"Urbanización de Lisandro Villegas 46, Barcelona, 35018"
183,David,Zambrano Morocho,david.zambrano.morocho@example.com,+34 902 61 32 48,"Callejón de Ofelia Soria 66 Puerta 1 , Asturias, 49312"
184,Juan,Daquilema Lema,juan.daquilema.lema@example.com,+34826 40 44 02,"Vial Jesús Pulido 731 Apt. 58 , Salamanca, 15750"
185,Carlos,Cabrera García,carlos.cabrera.garcía@example.com,+34877 376 057,"Via Gala Guijarro 7 Puerta 4 , La Rioja, 02883"
186,José,Lema Zambrano,josé.lema.zambrano@example.com,+34 856 57 72 09,"Acceso de Tristán Canales 85 Piso 9 , Ciudad, 19490"
187,David,Daquilema Cabrera,david.daquilema.cabrera@example.com,+34 984 774 981,"Urbanización Susana Iborra 23, Girona, 38749"
188,Verónica,Rodríguez Pilco,verónica.rodríguez.pilco@example.com,+34887 55 82 90,"Ronda de Juliana Agustí 88 Apt. 72 , Palencia, 05635"
189,Ana,Sánchez Zambrano,ana.sánchez.zambrano@example.com,+34983 264 195,"Via Etelvina Cortina 42, Teruel, 02505"
190,Juan,Guamán Daquilema,juan.guamán.daquilema@example.com,+34 877 906 628,"Glorieta de María Manuela Suarez 87 Piso 2 , Ciudad, 10990"
191,Luis,Morocho Rodríguez,luis.morocho.rodríguez@example.com,+34 962 930 173,"Vial de Manolo Silva 2 Piso 2 , Lleida, 27432"
192,María,Cabrera Rodríguez,maría.cabrera.rodríguez@example.com,+34877 22 96 48,"Cañada Adora Ramón 27 Apt. 88 , Valencia, 49253"
193,Sofía,Zambrano Daquilema,sofía.zambrano.daquilema@example.com,+34 979 65 74 75,"Rambla de Ibán Sales 22, Jaén, 12520"
194,David,Daquilema Morocho,david.daquilema.morocho@example.com,+34871 82 25 93,"Camino Esteban Sanmiguel 620, Pontevedra, 50730"
195,José,Daquilema Rodríguez,josé.daquilema.rodríguez@example.com,+34 932 95 95 74,"Via Reyes Villena 971, Burgos, 37379"
196,David,Rodríguez Rodríguez,david.rodríguez.rodríguez@example.com,+34 740955521,"Vial de Leyre Bustos 36 Apt. 45 , Ávila, 32397"
197,Juan,Daquilema García,juan.daquilema.garcía@example.com,+34 728 233 799,"Glorieta de Morena Pons 90 Piso 1 , Zamora, 29586"
198,Juan,Morocho Zambrano,juan.morocho.zambrano@example.com,+34 920 45 94 63,"Urbanización de Nayara Boix 63, Badajoz, 33452"
199,Carmen,Rodríguez Sánchez,carmen.rodríguez.sánchez@example.com,+34888 147 666,"Avenida Juana Sánchez 4 Puerta 0 , Ourense, 27193"
200,Carlos,Cabrera Morocho,carlos.cabrera.morocho@example.com,+34984 25 57 65,"Calle de Juan Bautista Royo 79 Apt. 54 , León, 04103"
201,David,Guamán Sánchez,david.guamán.sánchez@example.com,+34 842 958 111,"Pasaje María Pilar Barrera 3 Piso 8 , Lleida, 40026"
202,Carmen,Sánchez Daquilema,carmen.sánchez.daquilema@example.com,+34844 46 98 72,"Vial Jordana Gárate 6 Apt. 75 , Soria, 02152"
203,José,Morocho Cabrera,josé.morocho.cabrera@example.com,+34 975198137,"Calle Armida Arias 60, Palencia, 04743"
204,Carmen,Zambrano Pilco,carmen.zambrano.pilco@example.com,+34845 638 135,"Urbanización Mario Rodrigo 710 Piso 0 , Vizcaya, 33280"
205,Ana,Morocho Zambrano,ana.morocho.zambrano@example.com,+34879134613,"Rambla de Íngrid Boada 311, Málaga, 05025"
206,David,Cabrera Rodríguez,david.cabrera.rodríguez@example.com,+34 949114458,"Plaza de Leire Verdú 1 Puerta 2 , Valencia, 01504"
207,Ana,García Lema,ana.garcía.lema@example.com,+34917829925,"Callejón de Oriana Solsona 9 Piso 7 , Córdoba, 22761"
208,José,Lema Cabrera,josé.lema.cabrera@example.com,+34845 076 873,"Callejón de Isidro Campo 72 Puerta 0 , Huesca, 11629"
209,Juan,Lema Lema,juan.lema.lema@example.com,+34 979 76 88 55,"Rambla Lorenza Zurita 2, Lleida, 38864"
210,Juan,Daquilema Sánchez,juan.daquilema.sánchez@example.com,+34975075079,"Paseo de Ariel Vargas 723 Puerta 9 , Guadalajara, 16161"
211,David,Cabrera Cabrera,david.cabrera.cabrera@example.com,+34886 024 522,"Paseo Leonardo Gutierrez 161, Huesca, 19790"
212,José,Morocho Guamán,josé.morocho.guamán@example.com,+34 735 18 08 33,"Via de Jacobo Casal 620, Cuenca, 39632"
213,Verónica,Sánchez Rodríguez,verónica.sánchez.rodríguez@example.com,+34825007222,"Ronda Lorenza Verdejo 16 Piso 5 , Las Palmas, 12271"
214,Juan,Daquilema Morocho,juan.daquilema.morocho@example.com,+34823246032,"Avenida de Marisol Haro 5, Las Palmas, 38386"
215,José,Zambrano Pilco,josé.zambrano.pilco@example.com,+34947 78 64 27,"Cañada de Moreno Moles 307 Piso 6 , Guipúzcoa, 35667"
216,Luis,Rodríguez Cabrera,luis.rodríguez.cabrera@example.com,+34 849115802,"Calle Flavio Román 3, Ceuta, 37905"
217,María,Lema Rodríguez,maría.lema.rodríguez@example.com,+34 928 745 331,"Pasaje de Clara Cañellas 76 Piso 5 , Salamanca, 11130"
218,María,Daquilema Daquilema,maría.daquilema.daquilema@example.com,+34 963982770,"Camino de Maristela Palmer 85 Apt. 28 , Ciudad, 11895"
219,Juan,Sánchez Lema,juan.sánchez.lema@example.com,+34 826 57 69 30,"Calle Natalio Huertas 84 Piso 6 , Tarragona, 33715"
220,Juan,Daquilema Daquilema,juan.daquilema.daquilema@example.com,+34 844726004,"Pasadizo Benito Infante 57, Palencia, 04293"
221,Carmen,García Lema,carmen.garcía.lema@example.com,+34828 085 812,"Via de Amaya Solana 3, Asturias, 36087"
222,María,Rodríguez Guamán,maría.rodríguez.guamán@example.com,+34872 834 806,"Vial de Loida Sáez 44, Palencia, 01048"
223,Luis,García Rodríguez,luis.garcía.rodríguez@example.com,+34 980 464 775,"Paseo Amancio Carmona 47 Apt. 99 , Álava, 06145"
224,Juan,Zambrano Pilco,juan.zambrano.pilco@example.com,+34807233897,"Plaza Benjamín Santiago 45 Piso 5 , Huesca, 52012"
225,José,Pilco Guamán,josé.pilco.guamán@example.com,+34 942 342 113,"Avenida Rocío Acevedo 22 Puerta 0 , Castellón, 31901"
226,Luis,Cabrera Sánchez,luis.cabrera.sánchez@example.com,+34 817344255,"Calle de Aurora Casanova 51, Santa Cruz de Tenerife, 19296"
227,David,García Cabrera,david.garcía.cabrera@example.com,+34943 17 97 10,"Pasaje de Sandalio Cabanillas 87 Apt. 71 , Toledo, 09041"
228,Verónica,Cabrera Cabrera,verónica.cabrera.cabrera@example.com,+34861 342 034,"Ronda de Vanesa Borrego 5 Puerta 6 , Ávila, 09868"
229,Verónica,Guamán Lema,verónica.guamán.lema@example.com,+34 726398813,"Glorieta Apolinar Tormo 29, Zamora, 02523"
230,Sofía,Pilco Lema,sofía.pilco.lema@example.com,+34 828 361 444,"Pasaje Celestina Arnal 28, Guipúzcoa, 21506"
231,Juan,Guamán Rodríguez,juan.guamán.rodríguez@example.com,+34 843 503 713,"Plaza de Vito Romeu 94, Huelva, 10988"
232,Verónica,Zambrano Daquilema,verónica.zambrano.daquilema@example.com,+34842153478,"Avenida de Edu Posada 49 Puerta 7 , Ciudad, 49185"
233,Carmen,Sánchez Daquilema,carmen.sánchez.daquilema@example.com,+34941 34 55 61,"Cañada Rosalina Barón 87 Apt. 77 , Jaén, 49814"
234,Juan,Guamán Morocho,juan.guamán.morocho@example.com,+34 973 393 832,"Alameda Nayara España 3, Zamora, 10349"
235,Ana,Sánchez Daquilema,ana.sánchez.daquilema@example.com,+34923 978 355,"Pasaje Basilio Llanos 81, Albacete, 17327"
236,Ana,Cabrera Sánchez,ana.cabrera.sánchez@example.com,+34981 366 720,"Glorieta Diana Arana 88, La Rioja, 50215"
237,Ana,Morocho Cabrera,ana.morocho.cabrera@example.com,+34 941 665 946,"Callejón de Raúl Carreras 521, Badajoz, 25574"
238,Luis,García Guamán,luis.garcía.guamán@example.com,+34 821 258 332,"Glorieta Reyna Garrido 94 Puerta 0 , Palencia, 38266"
239,David,Zambrano Sánchez,david.zambrano.sánchez@example.com,+34 858 566 216,"Ronda de Florentino Coca 97 Puerta 6 , Ceuta, 15349"
240,María,Morocho Daquilema,maría.morocho.daquilema@example.com,+34978 67 58 57,"Acceso Leandra Bauzà 31 Puerta 9 , Baleares, 04720"
241,Carlos,Daquilema Sánchez,carlos.daquilema.sánchez@example.com,+34 842062571,"Plaza de Caridad Landa 7, Barcelona, 07984"
242,María,Daquilema Sánchez,maría.daquilema.sánchez@example.com,+34 849 26 96 91,"Pasadizo Íngrid Lastra 7 Apt. 21 , Huesca, 49311"
243,Verónica,Pilco Morocho,verónica.pilco.morocho@example.com,+34988 29 85 32,"C. Sergio Blanca 49 Piso 2 , Huesca, 13336"
244,Luis,Lema Morocho,luis.lema.morocho@example.com,+34948 85 17 97,"Pasadizo Ernesto Alcalde 156, Baleares, 36792"
245,Ana,Pilco Zambrano,ana.pilco.zambrano@example.com,+34 880127722,"Camino de José Luis Español 737, Huelva, 21570"
246,Ana,Cabrera Pilco,ana.cabrera.pilco@example.com,+34848 719 130,"Avenida de Juanita Yáñez 114 Piso 5 , Salamanca, 21082"
247,Sofía,Daquilema Cabrera,sofía.daquilema.cabrera@example.com,+34 941591679,"Cañada Chus Fernández 61 Apt. 10 , Ourense, 19027"
248,Verónica,Cabrera García,verónica.cabrera.garcía@example.com,+34883373096,"Paseo Maricela Ordóñez 78, La Coruña, 29947"
249,Carmen,Sánchez Rodríguez,carmen.sánchez.rodríguez@example.com,+34 975498367,"Alameda Rufina Pou 217, Madrid, 14787"
250,Luis,Rodríguez Sánchez,luis.rodríguez.sánchez@example.com,+34824490177,"Plaza de Aníbal Monreal 73 Apt. 13 , Navarra, 18202"
251,David,Pilco Morocho,david.pilco.morocho@example.com,+34 976 51 62 99,"Vial Curro Pomares 35 Piso 2 , Castellón, 07706"
252,Carlos,Cabrera Lema,carlos.cabrera.lema@example.com,+34 821 77 91 02,"Callejón Ernesto Palomar 7, Zaragoza, 37961"
253,Ana,Lema Cabrera,ana.lema.cabrera@example.com,+34711 778 410,"Calle de Fabián Barriga 72, León, 36597"
254,Verónica,Pilco Guamán,verónica.pilco.guamán@example.com,+34 824 60 27 23,"Calle de Esmeralda Román 52 Puerta 6 , Ciudad, 24437"
255,David,Rodríguez Daquilema,david.rodríguez.daquilema@example.com,+34985 78 25 01,"Acceso Trinidad Domingo 20, Albacete, 41279"
256,Luis,Morocho Guamán,luis.morocho.guamán@example.com,+34 874366394,"Camino Julia Gomila 1 Puerta 1 , Santa Cruz de Tenerife, 36503"
257,Juan,Sánchez García,juan.sánchez.garcía@example.com,+34824 58 97 42,"C. de Roxana Bernal 95, León, 48806"
258,Verónica,Cabrera Lema,verónica.cabrera.lema@example.com,+34 842 642 334,"Cuesta de Francisco Jose Lago 64, Córdoba, 30424"
259,Ana,Daquilema Guamán,ana.daquilema.guamán@example.com,+34949 00 96 15,"Calle Arturo Murillo 27 Apt. 71 , Huelva, 34186"
260,Juan,Daquilema Zambrano,juan.daquilema.zambrano@example.com,+34954997039,"Urbanización Adriana Huertas 32 Puerta 3 , Ávila, 12220"
261,Carlos,Pilco Morocho,carlos.pilco.morocho@example.com,+34 879 00 13 92,"Calle Carmelo Pla 537 Apt. 29 , Cuenca, 50339"
262,Verónica,Sánchez Rodríguez,verónica.sánchez.rodríguez@example.com,+34987 598 256,"C. Judith León 12 Apt. 21 , Lugo, 24955"
263,Luis,Morocho Cabrera,luis.morocho.cabrera@example.com,+34 882845873,"Alameda de Adoración Mosquera 51 Puerta 8 , Salamanca, 27357"
264,Sofía,Rodríguez Daquilema,sofía.rodríguez.daquilema@example.com,+34 928291166,"Calle Viviana Yáñez 19 Apt. 32 , Huesca, 43625"
265,María,Pilco Cabrera,maría.pilco.cabrera@example.com,+34 984 42 17 29,"Pasadizo Nidia Guzmán 19, Las Palmas, 27638"
266,Verónica,Pilco Guamán,verónica.pilco.guamán@example.com,+34885 51 29 99,"Calle de Casandra Casals 33, La Rioja, 31998"
267,Sofía,Zambrano Rodríguez,sofía.zambrano.rodríguez@example.com,+34949 433 730,"Plaza Sabas Coloma 91, Ciudad, 04565"
268,Luis,Cabrera Guamán,luis.cabrera.guamán@example.com,+34944 29 41 13,"Pasadizo de José Mari Manjón 681, Sevilla, 15257"
269,Sofía,Rodríguez Sánchez,sofía.rodríguez.sánchez@example.com,+34 928 195 299,"Urbanización Marino Calzada 71 Apt. 44 , Huesca, 41077"
270,Sofía,Rodríguez Daquilema,sofía.rodríguez.daquilema@example.com,+34876 633 064,"Alameda de Esteban Anguita 36, Segovia, 24124"
271,María,Rodríguez Morocho,maría.rodríguez.morocho@example.com,+34941 531 543,"Pasaje Alfonso Font 8, Burgos, 20667"
272,David,Sánchez Pilco,david.sánchez.pilco@example.com,+34 901 442 670,"Acceso Arsenio Guijarro 3 Puerta 3 , Cádiz, 22458"
273,María,Lema García,maría.lema.garcía@example.com,+34 884 74 91 33,"Pasadizo Morena Castrillo 858 Piso 9 , Zamora, 44270"
274,José,Daquilema García,josé.daquilema.garcía@example.com,+34973 581 800,"Rambla Hipólito Villena 24 Puerta 7 , La Coruña, 20345"
275,Carlos,Zambrano García,carlos.zambrano.garcía@example.com,+34977733040,"Via Jorge Fonseca 60 Puerta 7 , Cáceres, 27472"
276,Luis,Guamán Cabrera,luis.guamán.cabrera@example.com,+34842 29 63 15,"Cañada de Bernardita Alcolea 4 Piso 7 , Tarragona, 03410"
277,Carlos,Sánchez Pilco,carlos.sánchez.pilco@example.com,+34 803 787 078,"Urbanización Rolando Palomo 99 Puerta 3 , Soria, 30507"
278,Ana,Morocho Lema,ana.morocho.lema@example.com,+34 823689654,"Calle de Oriana Torrijos 14 Puerta 2 , Ávila, 38737"
279,Ana,Rodríguez Guamán,ana.rodríguez.guamán@example.com,+34 944 10 49 80,"Rambla Asunción Mendizábal 5 Piso 1 , Sevilla, 35927"
280,Sofía,Cabrera García,sofía.cabrera.garcía@example.com,+34 949 968 416,"Plaza Jose Miguel Rocha 83, Soria, 23622"
281,Juan,Sánchez Guamán,juan.sánchez.guamán@example.com,+34924 77 53 51,"Camino de Carmen Paredes 935, Valladolid, 05148"
282,Sofía,Morocho Guamán,sofía.morocho.guamán@example.com,+34880150606,"Paseo Nazaret Llopis 74 Puerta 2 , Huelva, 32329"
283,Luis,Lema Rodríguez,luis.lema.rodríguez@example.com,+34844 00 88 30,"Rambla de María Teresa Torrecilla 61 Puerta 7 , Castellón, 33322"
284,Juan,Daquilema Zambrano,juan.daquilema.zambrano@example.com,+34820 77 01 07,"Rambla de Aristides Ferrando 150, Teruel, 16289"
285,Carmen,Pilco Cabrera,carmen.pilco.cabrera@example.com,+34 836715627,"Ronda de Mohamed Vara 61, Cantabria, 15990"
286,Luis,Rodríguez Cabrera,luis.rodríguez.cabrera@example.com,+34841589418,"Avenida Narciso Bustamante 2 Apt. 04 , Valladolid, 13684"
287,José,Morocho Cabrera,josé.morocho.cabrera@example.com,+34948 70 69 44,"Via Adelina Adadia 39 Puerta 3 , Jaén, 06799"
288,Luis,Rodríguez Lema,luis.rodríguez.lema@example.com,+34823 65 07 78,"Rambla Cornelio Galvez 54 Apt. 21 , Lleida, 18431"
289,José,Guamán Morocho,josé.guamán.morocho@example.com,+34 975 459 998,"Pasaje Cecilio Segovia 23 Apt. 53 , Barcelona, 47796"
290,David,Rodríguez Pilco,david.rodríguez.pilco@example.com,+34821 89 52 58,"Pasadizo Alexandra Leon 1 Apt. 60 , Córdoba, 50825"
291,Luis,Cabrera Lema,luis.cabrera.lema@example.com,+34975 619 308,"Paseo María Ángeles Villa 2 Piso 9 , Toledo, 34328"
292,Luis,Rodríguez Sánchez,luis.rodríguez.sánchez@example.com,+34946 853 755,"Pasaje Noemí Alberto 53, Almería, 26475"
293,María,Zambrano Rodríguez,maría.zambrano.rodríguez@example.com,+34 803088107,"Callejón Samu Benitez 2 Puerta 8 , Alicante, 11209"
294,Sofía,Cabrera Morocho,sofía.cabrera.morocho@example.com,+34882964095,"Vial de Gastón Miguel 8, Castellón, 28935"
295,Juan,Pilco Cabrera,juan.pilco.cabrera@example.com,+34 846 816 659,"Vial de Heliodoro Morera 4 Puerta 0 , Almería, 18755"
296,Sofía,Lema Pilco,sofía.lema.pilco@example.com,+34 918 039 029,"Calle René Boix 330, León, 02267"
297,Carlos,Cabrera García,carlos.cabrera.garcía@example.com,+34981 07 85 61,"Alameda de Consuela Borrell 95, Sevilla, 11964"
298,María,Guamán Rodríguez,maría.guamán.rodríguez@example.com,+34872 175 624,"Paseo de Jordi Palau 4, Valladolid, 23483"
299,Sofía,Lema Guamán,sofía.lema.guamán@example.com,+34717108385,"Camino Ruy Bonet 92 Apt. 17 , Cuenca, 22128"
300,David,Pilco Pilco,david.pilco.pilco@example.com,+34 855460732,"Avenida de Pepita Colom 242 Apt. 34 , La Rioja, 32278"
301,Luis,Pilco Daquilema,luis.pilco.daquilema@example.com,+34841 977 578,"Via de Lucas Díaz 572, Zamora, 22951"
302,María,Daquilema Morocho,maría.daquilema.morocho@example.com,+34838 906 430,"Via Benjamín Arce 958 Puerta 5 , Alicante, 51962"
303,Juan,Sánchez Zambrano,juan.sánchez.zambrano@example.com,+34 885 713 653,"Vial Encarnita Olivé 3 Piso 4 , Tarragona, 45766"
304,Sofía,Morocho Daquilema,sofía.morocho.daquilema@example.com,+34844824657,"Paseo Elba Pastor 3, Barcelona, 09138"
305,María,Sánchez Cabrera,maría.sánchez.cabrera@example.com,+34 879 51 31 47,"Cañada de Cristina Guillén 49 Puerta 8 , Cáceres, 20371"
306,Ana,Daquilema Rodríguez,ana.daquilema.rodríguez@example.com,+34 844 89 08 91,"Urbanización de Marcelo Andreu 27, Melilla, 20034"
307,Carmen,Pilco Cabrera,carmen.pilco.cabrera@example.com,+34 949 95 62 59,"Urbanización Clemente Roda 7, Burgos, 43358"
308,David,Guamán Sánchez,david.guamán.sánchez@example.com,+34 734 265 576,"Pasadizo de Vilma Priego 79, Albacete, 29176"
309,Carmen,Morocho Rodríguez,carmen.morocho.rodríguez@example.com,+34945 677 293,"Cuesta Guadalupe Lucas 9 Puerta 3 , Sevilla, 45725"
310,Carlos,Cabrera Guamán,carlos.cabrera.guamán@example.com,+34 684 15 96 20,"Pasadizo de Mireia Reyes 14 Piso 0 , Toledo, 21348"
311,Carmen,Lema García,carmen.lema.garcía@example.com,+34845309546,"Cuesta Encarnacion Estrada 71 Puerta 8 , Guadalajara, 02906"
312,José,García Pilco,josé.garcía.pilco@example.com,+34 971 255 421,"Plaza de Adán Pelayo 64 Apt. 80 , Lleida, 49857"
313,Carlos,Cabrera Rodríguez,carlos.cabrera.rodríguez@example.com,+34823 85 06 97,"Avenida de Florencio Palomo 54 Puerta 7 , Badajoz, 12895"
314,Ana,Morocho Pilco,ana.morocho.pilco@example.com,+34821603170,"Camino de Teodosio Raya 99 Puerta 7 , Ciudad, 40189"
315,Verónica,Rodríguez Rodríguez,verónica.rodríguez.rodríguez@example.com,+34743428304,"Calle Anunciación Prado 18, Toledo, 20362"
316,David,Cabrera García,david.cabrera.garcía@example.com,+34881699335,"Plaza de Amor Andres 78 Piso 0 , Granada, 05872"
317,David,Daquilema Guamán,david.daquilema.guamán@example.com,+34877930421,"Plaza de Moreno Serna 41 Piso 8 , Málaga, 33690"
318,Sofía,Rodríguez Sánchez,sofía.rodríguez.sánchez@example.com,+34838866642,"Vial Aristides Mateu 15, Ourense, 37173"
319,Ana,Sánchez García,ana.sánchez.garcía@example.com,+34988946218,"Acceso de María José Abad 1, Alicante, 25016"
320,David,Rodríguez Rodríguez,david.rodríguez.rodríguez@example.com,+34980399334,"C. de Sandra Mateu 53 Piso 0 , Cuenca, 22285"
321,Carlos,Daquilema Pilco,carlos.daquilema.pilco@example.com,+34 879456848,"Vial Felicidad Crespi 86 Puerta 9 , Segovia, 07999"
322,Carmen,Sánchez Daquilema,carmen.sánchez.daquilema@example.com,+34 867 837 207,"Cañada Benito Ortuño 23 Puerta 5 , Alicante, 25247"
323,David,Rodríguez Rodríguez,david.rodríguez.rodríguez@example.com,+34887 306 081,"Cuesta Victoria Grau 53 Piso 9 , Asturias, 25508"
324,José,Pilco García,josé.pilco.garcía@example.com,+34 900 407 502,"Rambla de Verónica Pacheco 593 Piso 3 , Badajoz, 15324"
325,David,Lema Daquilema,david.lema.daquilema@example.com,+34881 53 56 84,"Camino de Cloe Roma 6 Apt. 21 , Madrid, 39680"
326,Luis,García Zambrano,luis.garcía.zambrano@example.com,+34875044260,"Glorieta Trini Benítez 76, Tarragona, 28114"
327,Carmen,Cabrera Cabrera,carmen.cabrera.cabrera@example.com,+34945 332 134,"C. de Flavio Seco 2, Vizcaya, 45724"
328,Juan,Lema Zambrano,juan.lema.zambrano@example.com,+34986 540 612,"Rambla de Dolores Clavero 72 Puerta 5 , Baleares, 22152"
329,Carmen,Daquilema Pilco,carmen.daquilema.pilco@example.com,+34 986958903,"Pasadizo Ricardo Chamorro 45, Albacete, 18783"
330,Carlos,Cabrera Morocho,carlos.cabrera.morocho@example.com,+34 885649154,"Calle de Carmelita Jerez 71, Zamora, 37539"
331,Carlos,Daquilema García,carlos.daquilema.garcía@example.com,+34 974 03 06 80,"Avenida de Elisa Feijoo 3 Apt. 00 , Cáceres, 21628"
332,Juan,Lema Cabrera,juan.lema.cabrera@example.com,+34 982 24 50 82,"Rambla Cayetano Benet 6, Pontevedra, 42479"
333,Sofía,García Morocho,sofía.garcía.morocho@example.com,+34824 354 122,"Cañada Anna Carlos 123, Vizcaya, 22042"
334,María,Pilco Cabrera,maría.pilco.cabrera@example.com,+34 883439188,"Calle Galo Cadenas 662, León, 51534"
335,Carlos,García Sánchez,carlos.garcía.sánchez@example.com,+34 820 59 19 03,"Ronda Paca Bernad 33 Apt. 32 , Almería, 39196"
336,María,Sánchez Pilco,maría.sánchez.pilco@example.com,+34 820 627 672,"Vial de Jordana Blázquez 15 Apt. 85 , Burgos, 07099"
337,Carlos,Pilco García,carlos.pilco.garcía@example.com,+34 822 69 85 88,"Cuesta Jordana Tejedor 3, Jaén, 23313"
338,Carlos,Morocho Rodríguez,carlos.morocho.rodríguez@example.com,+34714 91 91 25,"Camino de Gertrudis Roldan 51 Puerta 4 , Lugo, 50208"
339,Ana,Zambrano Cabrera,ana.zambrano.cabrera@example.com,+34 978 371 194,"Calle de Judith Noriega 9 Puerta 3 , Soria, 29460"
340,Luis,Zambrano Sánchez,luis.zambrano.sánchez@example.com,+34 875 25 11 21,"Plaza Chus Dueñas 7, Teruel, 31254"
341,Carmen,Pilco Lema,carmen.pilco.lema@example.com,+34701233309,"Paseo Reynaldo Herrera 74, Jaén, 08204"
342,María,Morocho Rodríguez,maría.morocho.rodríguez@example.com,+34 978 82 05 29,"Cuesta Consuelo Pizarro 17, Melilla, 11182"
343,Juan,García Zambrano,juan.garcía.zambrano@example.com,+34 874942108,"Cañada Jorge Fuente 3, Segovia, 50094"
344,Carlos,Morocho Morocho,carlos.morocho.morocho@example.com,+34888 264 019,"Rambla de Eufemia Arellano 338, Burgos, 12385"
345,Sofía,Cabrera Lema,sofía.cabrera.lema@example.com,+34985735599,"Cuesta Xavier Marti 235, Albacete, 30510"
346,David,Lema Morocho,david.lema.morocho@example.com,+34843 53 92 54,"Camino de Toño Gomez 619 Puerta 4 , Navarra, 06975"
347,Sofía,Guamán Sánchez,sofía.guamán.sánchez@example.com,+34910765924,"Rambla de Jonatan Camps 41 Piso 0 , La Rioja, 38128"
348,Carlos,García Zambrano,carlos.garcía.zambrano@example.com,+34 807473283,"Urbanización Abigaíl Lastra 21, Zaragoza, 10231"
349,Carlos,Lema Morocho,carlos.lema.morocho@example.com,+34 824 58 44 92,"Pasadizo Victor Murillo 619 Puerta 0 , Albacete, 48910"
350,José,Pilco Morocho,josé.pilco.morocho@example.com,+34 884 28 02 99,"Via de Úrsula Samper 6, Ceuta, 24678"
351,José,Cabrera García,josé.cabrera.garcía@example.com,+34844 375 764,"Camino Cándido Cortes 207, Guadalajara, 19797"
352,Ana,Lema Morocho,ana.lema.morocho@example.com,+34 886 906 465,"C. Raúl Amores 516 Piso 0 , Jaén, 05050"
353,José,García Sánchez,josé.garcía.sánchez@example.com,+34 901 165 332,"Acceso de Jacinto Palacios 34, Valladolid, 14242"
354,Carlos,Guamán Daquilema,carlos.guamán.daquilema@example.com,+34948218493,"Vial de Nicodemo Casal 38, Guadalajara, 30674"
355,Juan,Sánchez Daquilema,juan.sánchez.daquilema@example.com,+34821 733 758,"Callejón Inmaculada Riba 799 Piso 8 , Girona, 38835"
356,David,Rodríguez Zambrano,david.rodríguez.zambrano@example.com,+34985 801 525,"Paseo Nieves Mur 62 Piso 0 , La Rioja, 36954"
357,Carmen,García Morocho,carmen.garcía.morocho@example.com,+34879 74 00 48,"Vial Amalia Garcés 9, Las Palmas, 28179"
358,Ana,Rodríguez Zambrano,ana.rodríguez.zambrano@example.com,+34 943 740 318,"Camino de Jose Luis Madrigal 74, Guadalajara, 50138"
359,María,Sánchez Cabrera,maría.sánchez.cabrera@example.com,+34818 13 86 66,"C. Eulalia Arjona 3 Puerta 4 , Lleida, 11978"
360,Sofía,Daquilema Guamán,sofía.daquilema.guamán@example.com,+34 943 984 132,"Calle de Florina Mata 926, Vizcaya, 12964"
361,Carmen,Sánchez Lema,carmen.sánchez.lema@example.com,+34 803 62 85 95,"Camino de Salud Arrieta 17 Puerta 7 , Palencia, 18418"
362,Luis,Morocho Pilco,luis.morocho.pilco@example.com,+34981 805 429,"Avenida de Octavia Peñalver 324 Apt. 74 , Cádiz, 37721"
363,Ana,Sánchez García,ana.sánchez.garcía@example.com,+34 879 04 35 23,"Pasaje de Rafaela Diez 81 Piso 0 , Las Palmas, 19101"
364,Juan,García Lema,juan.garcía.lema@example.com,+34 978106982,"Pasaje de Encarnita Villa 3, Guipúzcoa, 34890"
365,Carmen,Guamán Guamán,carmen.guamán.guamán@example.com,+34 823145465,"Callejón Joan Folch 768, La Rioja, 17152"
366,José,Morocho Lema,josé.morocho.lema@example.com,+34 983136343,"Vial Jonatan Martínez 562, Valladolid, 38896"
367,Sofía,García Cabrera,sofía.garcía.cabrera@example.com,+34975 49 85 85,"Acceso de Olalla Casares 7, Cádiz, 07833"
368,Carlos,Daquilema Pilco,carlos.daquilema.pilco@example.com,+34 880 033 386,"Avenida Lupe Ochoa 69, Albacete, 21820"
369,David,Daquilema García,david.daquilema.garcía@example.com,+34 920 20 38 91,"Acceso de Hernán Acosta 62, Ourense, 09575"
370,David,García Cabrera,david.garcía.cabrera@example.com,+34875 033 102,"Acceso de Álvaro Sola 82, Albacete, 24434"
371,David,Morocho Cabrera,david.morocho.cabrera@example.com,+34 846 91 29 24,"Vial Socorro López 65 Apt. 74 , Burgos, 07762"
372,Carmen,Sánchez Guamán,carmen.sánchez.guamán@example.com,+34 841214079,"Pasaje Danilo Sastre 92, Zamora, 36075"
373,Ana,Zambrano Guamán,ana.zambrano.guamán@example.com,+34944642342,"Plaza de Ricarda Cervantes 19, Palencia, 05863"
374,María,Sánchez Pilco,maría.sánchez.pilco@example.com,+34 902605856,"Glorieta Lorenza Toro 97 Puerta 2 , Jaén, 33738"
375,Carlos,Morocho Pilco,carlos.morocho.pilco@example.com,+34987 90 56 24,"Camino de Severo Montesinos 49 Puerta 6 , Baleares, 36166"
376,María,García Lema,maría.garcía.lema@example.com,+34 967387053,"Cañada de Mohamed Molins 478, Ourense, 30882"
377,Carlos,Lema Sánchez,carlos.lema.sánchez@example.com,+34 946 19 45 15,"Cañada Antonia Gual 66 Apt. 65 , Cádiz, 32073"
378,María,Rodríguez Guamán,maría.rodríguez.guamán@example.com,+34807 338 959,"Cuesta Baudelio Cabeza 70 Piso 2 , Cáceres, 18896"
379,Juan,Morocho Daquilema,juan.morocho.daquilema@example.com,+34 871368079,"Rambla de Judith Carbajo 2, Huelva, 50842"
380,David,Morocho Morocho,david.morocho.morocho@example.com,+34886 68 09 22,"Pasaje de Jennifer Barceló 18, Huesca, 01767"
381,David,Zambrano Rodríguez,david.zambrano.rodríguez@example.com,+34803 228 619,"Camino de Anunciación Hernández 539, Zaragoza, 31756"
382,Luis,Guamán Cabrera,luis.guamán.cabrera@example.com,+34985 78 40 38,"Paseo de Gregorio Llorens 33 Apt. 78 , Sevilla, 34779"
383,José,Rodríguez Zambrano,josé.rodríguez.zambrano@example.com,+34849628243,"Ronda de Jorge Garzón 74, Albacete, 17016"
384,María,Daquilema Sánchez,maría.daquilema.sánchez@example.com,+34822 68 88 02,"Glorieta Rafael Arribas 63 Piso 1 , Toledo, 19536"
385,Carmen,Sánchez Morocho,carmen.sánchez.morocho@example.com,+34 926 44 43 51,"Via de Fabián Montalbán 2, Santa Cruz de Tenerife, 14365"
386,María,Zambrano García,maría.zambrano.garcía@example.com,+34 986806684,"Plaza Aitor Marin 3, Murcia, 21437"
387,Ana,Daquilema Sánchez,ana.daquilema.sánchez@example.com,+34 974067804,"Vial de Odalis Higueras 59 Apt. 26 , Toledo, 45564"
388,María,Cabrera Morocho,maría.cabrera.morocho@example.com,+34974905190,"Calle de Heliodoro Revilla 62, Murcia, 25216"
389,Ana,García Zambrano,ana.garcía.zambrano@example.com,+34 902 49 11 64,"Paseo Emma Castañeda 18, Vizcaya, 13062"
390,Luis,García Pilco,luis.garcía.pilco@example.com,+34 822 598 223,"Calle de Cayetano Naranjo 233, Las Palmas, 20079"
391,Carlos,Guamán Lema,carlos.guamán.lema@example.com,+34885353080,"Camino Carolina Escalona 94, Castellón, 08905"
392,Juan,Lema Guamán,juan.lema.guamán@example.com,+34 858118618,"Avenida María Del Carmen Blazquez 91, León, 38072"
393,Luis,Zambrano Daquilema,luis.zambrano.daquilema@example.com,+34882628966,"Callejón de Chema Cal 96 Puerta 1 , Palencia, 18361"
394,Carlos,Pilco Pilco,carlos.pilco.pilco@example.com,+34900 09 32 58,"Ronda Inés Barco 90 Puerta 4 , Ávila, 21295"
395,David,Sánchez Sánchez,david.sánchez.sánchez@example.com,+34675894415,"Cuesta Pancho Tejedor 2 Puerta 5 , Ceuta, 03149"
396,Ana,Zambrano Daquilema,ana.zambrano.daquilema@example.com,+34828738481,"Glorieta Hugo Cantero 38, León, 37192"
397,José,Sánchez Lema,josé.sánchez.lema@example.com,+34 978604144,"Avenida de Anita Navarro 8, Navarra, 43885"
398,Juan,Pilco Sánchez,juan.pilco.sánchez@example.com,+34813 200 022,"Alameda Flavio Amat 5 Puerta 0 , Las Palmas, 05675"
399,Sofía,Pilco Morocho,sofía.pilco.morocho@example.com,+34845 677 247,"Camino Adolfo Plaza 94, Las Palmas, 30061"
400,Verónica,Daquilema Sánchez,verónica.daquilema.sánchez@example.com,+34972 274 130,"Glorieta Coral Bartolomé 55 Puerta 7 , Navarra, 36181"
401,Sofía,Cabrera Pilco,sofía.cabrera.pilco@example.com,+34948 892 819,"Ronda Conrado Cañizares 55 Puerta 4 , Toledo, 16073"
402,David,Guamán Morocho,david.guamán.morocho@example.com,+34 821 021 948,"Vial de Rolando Segura 33, Pontevedra, 08198"
403,Sofía,Morocho Rodríguez,sofía.morocho.rodríguez@example.com,+34 926054365,"C. de Rosenda Coello 499, León, 15077"
404,José,Sánchez Morocho,josé.sánchez.morocho@example.com,+34628 763 168,"Callejón de Evita Álamo 4, Valladolid, 50658"
405,María,Lema Pilco,maría.lema.pilco@example.com,+34847 36 22 16,"Pasadizo de Agustín Torres 469, Almería, 31445"
406,Luis,Cabrera Lema,luis.cabrera.lema@example.com,+34 821 722 517,"Vial de Juan Carlos Valero 4 Puerta 7 , Palencia, 33034"
407,Carmen,Guamán Daquilema,carmen.guamán.daquilema@example.com,+34 871423889,"Avenida Lope Ortiz 8 Apt. 53 , Córdoba, 48886"
408,Verónica,Lema García,verónica.lema.garcía@example.com,+34987284182,"Pasaje de Teodosio Vazquez 119, Sevilla, 43425"
409,David,Guamán Morocho,david.guamán.morocho@example.com,+34848 20 39 77,"Glorieta Eustaquio Cuéllar 69 Apt. 49 , Girona, 14459"
410,Juan,Lema Rodríguez,juan.lema.rodríguez@example.com,+34 826 63 41 28,"Alameda de Florinda Morante 161, Madrid, 22204"
411,José,Guamán García,josé.guamán.garcía@example.com,+34883 04 63 51,"Alameda María Jesús Méndez 7, Alicante, 33304"
412,Sofía,Zambrano García,sofía.zambrano.garcía@example.com,+34857 73 38 88,"Acceso Lilia Merino 30 Puerta 2 , Vizcaya, 14553"
413,Sofía,Zambrano Sánchez,sofía.zambrano.sánchez@example.com,+34 987 36 50 58,"Vial de Zaida Ortega 36 Puerta 0 , Madrid, 21240"
414,María,Daquilema Daquilema,maría.daquilema.daquilema@example.com,+34741936976,"Via Perlita Larrea 770, Álava, 34563"
415,Carlos,García García,carlos.garcía.garcía@example.com,+34 979 37 43 44,"Avenida de Vinicio Garzón 29, Las Palmas, 47224"
416,David,García Pilco,david.garcía.pilco@example.com,+34 823 835 138,"Glorieta Carmela Cortina 640 Puerta 8 , Alicante, 41978"
417,José,Morocho Cabrera,josé.morocho.cabrera@example.com,+34876055957,"Rambla Anna Simó 53 Apt. 68 , Salamanca, 13566"
418,María,Pilco García,maría.pilco.garcía@example.com,+34872265917,"Acceso de Febe Vazquez 98 Apt. 14 , Córdoba, 38473"
419,David,Daquilema Sánchez,david.daquilema.sánchez@example.com,+34 888719731,"Pasadizo Débora Diez 85, Navarra, 36186"
420,Ana,Rodríguez Lema,ana.rodríguez.lema@example.com,+34 975 76 20 01,"Acceso de Rebeca Morata 42 Apt. 83 , Guipúzcoa, 33130"
421,María,Zambrano García,maría.zambrano.garcía@example.com,+34902 52 94 46,"Alameda Lorena Jaén 43, Cuenca, 08169"
422,Carlos,Zambrano Morocho,carlos.zambrano.morocho@example.com,+34978 07 65 13,"Acceso Paz Pelayo 83 Piso 3 , Vizcaya, 31751"
423,Ana,Morocho Pilco,ana.morocho.pilco@example.com,+34825 619 566,"Urbanización de Marcelino Goicoechea 44 Piso 9 , Guadalajara, 05614"
424,Verónica,Zambrano Morocho,verónica.zambrano.morocho@example.com,+34 872155304,"Pasadizo de Eric García 33 Piso 5 , Palencia, 45393"
425,Carmen,Guamán Morocho,carmen.guamán.morocho@example.com,+34879 46 84 19,"Alameda Nilda Guzman 73 Puerta 9 , León, 35180"
426,Carmen,Cabrera Morocho,carmen.cabrera.morocho@example.com,+34 845994448,"C. Ascensión Rosselló 42 Apt. 17 , Cuenca, 10398"
427,David,Pilco Guamán,david.pilco.guamán@example.com,+34983 85 70 14,"Acceso Salomón Trillo 78, Lugo, 50578"
428,María,Morocho Zambrano,maría.morocho.zambrano@example.com,+34 885 188 665,"Avenida de Teo Mora 17 Piso 5 , Madrid, 38682"
429,José,Guamán Sánchez,josé.guamán.sánchez@example.com,+34 883 542 433,"Cañada Nicolás Carrera 970, Pontevedra, 32166"
430,Verónica,Cabrera Morocho,verónica.cabrera.morocho@example.com,+34 927582493,"Paseo de Tamara Larrea 66 Puerta 6 , Salamanca, 51959"
431,Carlos,Zambrano Daquilema,carlos.zambrano.daquilema@example.com,+34807028301,"Callejón Maximino Diéguez 25, Burgos, 22925"
432,María,Pilco Pilco,maría.pilco.pilco@example.com,+34826 73 94 23,"Via de Constanza Llabrés 507 Piso 1 , Almería, 16018"
433,Carmen,Guamán Lema,carmen.guamán.lema@example.com,+34822 31 53 98,"Cañada de Rolando Antúnez 207 Puerta 6 , Álava, 44702"
434,Verónica,Sánchez Morocho,verónica.sánchez.morocho@example.com,+34 975 866 245,"Pasadizo de Eufemia Castillo 37 Piso 9 , Alicante, 51013"
435,Verónica,Pilco Guamán,verónica.pilco.guamán@example.com,+34841 77 99 26,"C. de Ainoa Salom 6, León, 22758"
436,Luis,Morocho García,luis.morocho.garcía@example.com,+34921 345 646,"Alameda de Amaya Teruel 8, Baleares, 06139"
437,Verónica,Lema Daquilema,verónica.lema.daquilema@example.com,+34 925 46 55 62,"C. Alex Berenguer 68, Cuenca, 08037"
438,David,Sánchez Sánchez,david.sánchez.sánchez@example.com,+34 978 92 75 90,"Pasadizo de Felix Acuña 22 Piso 0 , Baleares, 01851"
439,Carlos,García Pilco,carlos.garcía.pilco@example.com,+34816 612 665,"Cuesta de Juan Antonio Rodríguez 88 Piso 5 , Toledo, 31274"
440,Carlos,Pilco Pilco,carlos.pilco.pilco@example.com,+34984 87 56 66,"Plaza de Leocadio Arana 58 Piso 8 , Santa Cruz de Tenerife, 41835"
441,Carlos,Daquilema Sánchez,carlos.daquilema.sánchez@example.com,+34 977 502 059,"Cañada de Feliciano Escalona 656, Barcelona, 45683"
442,Carmen,Pilco Zambrano,carmen.pilco.zambrano@example.com,+34 986 43 81 84,"Calle de María Del Carmen Cabello 2 Apt. 06 , Barcelona, 50986"
443,Juan,García Sánchez,juan.garcía.sánchez@example.com,+34 733894897,"Rambla Melchor Roca 338, Pontevedra, 19247"
444,Carmen,Rodríguez Cabrera,carmen.rodríguez.cabrera@example.com,+34 976778177,"Vial de Leopoldo Rodriguez 99, Las Palmas, 40627"
445,Luis,Sánchez Daquilema,luis.sánchez.daquilema@example.com,+34879 293 081,"Glorieta Felicia Gallardo 3, Sevilla, 32138"
446,Luis,García Rodríguez,luis.garcía.rodríguez@example.com,+34974 93 50 31,"Camino Emperatriz Valle 7, Lugo, 18734"
447,Carlos,García Lema,carlos.garcía.lema@example.com,+34 744171113,"Avenida de Leyre Vazquez 7 Piso 6 , Ceuta, 33803"
448,María,Pilco Sánchez,maría.pilco.sánchez@example.com,+34 888 18 82 69,"Rambla de Ernesto Pizarro 21, Girona, 34619"
449,Verónica,Zambrano Zambrano,verónica.zambrano.zambrano@example.com,+34701 385 135,"Vial Fernando Vigil 42 Apt. 18 , Barcelona, 31828"
450,Luis,Pilco García,luis.pilco.garcía@example.com,+34847 962 141,"C. de Amador Antón 95 Piso 5 , Almería, 34730"
451,Juan,Morocho Zambrano,juan.morocho.zambrano@example.com,+34947 73 67 37,"Ronda de Ezequiel Arrieta 396 Apt. 72 , Alicante, 11904"
452,José,García Zambrano,josé.garcía.zambrano@example.com,+34824 501 584,"Urbanización de Rosalina Vilalta 74, Murcia, 47710"
453,Ana,Sánchez García,ana.sánchez.garcía@example.com,+34924 99 00 84,"Calle Sara Pareja 11, Huelva, 03194"
454,José,Cabrera Daquilema,josé.cabrera.daquilema@example.com,+34925040887,"Vial de Merche Tejedor 53, Lleida, 47663"
455,Ana,Sánchez Zambrano,ana.sánchez.zambrano@example.com,+34937 77 96 58,"Calle Débora Daza 578 Apt. 83 , Ciudad, 28212"
456,Sofía,Pilco Lema,sofía.pilco.lema@example.com,+34 820 75 01 99,"Callejón Eloísa Menéndez 44 Puerta 2 , Vizcaya, 44975"
457,Ana,Pilco García,ana.pilco.garcía@example.com,+34971890419,"Ronda Diego Lopez 39 Apt. 32 , Guadalajara, 13329"
458,José,Daquilema Daquilema,josé.daquilema.daquilema@example.com,+34 824 38 46 24,"Via de Evaristo Feliu 24 Piso 1 , Huelva, 33037"
459,María,García Lema,maría.garcía.lema@example.com,+34941611610,"Alameda Eliseo Pinedo 1 Piso 9 , Madrid, 11936"
460,Juan,Daquilema García,juan.daquilema.garcía@example.com,+34981 837 427,"Camino de Espiridión Diez 13, Salamanca, 45184"
461,Sofía,García Lema,sofía.garcía.lema@example.com,+34913547598,"Alameda Graciano Rubio 24 Apt. 40 , Melilla, 03733"
462,Carmen,Rodríguez Pilco,carmen.rodríguez.pilco@example.com,+34 800 21 89 76,"Rambla de Tristán Nicolau 89, Lleida, 04365"
463,Carlos,Sánchez Cabrera,carlos.sánchez.cabrera@example.com,+34 923 44 57 93,"Alameda Sol Berenguer 30, Cantabria, 24712"
464,Luis,Zambrano Sánchez,luis.zambrano.sánchez@example.com,+34 741 144 899,"Calle Nieves Pastor 39 Apt. 04 , Toledo, 21527"
465,Carlos,Rodríguez Pilco,carlos.rodríguez.pilco@example.com,+34 646 33 80 18,"Rambla de Américo Elías 1 Apt. 83 , Girona, 18145"
466,Ana,Rodríguez Rodríguez,ana.rodríguez.rodríguez@example.com,+34984 737 198,"C. Adrián Amorós 40 Apt. 52 , Melilla, 42161"
467,José,Rodríguez Guamán,josé.rodríguez.guamán@example.com,+34841592288,"Urbanización de Rufina Batlle 20 Apt. 50 , Santa Cruz de Tenerife, 25328"
468,María,Morocho García,maría.morocho.garcía@example.com,+34 738 79 75 46,"Pasaje de Modesto Córdoba 21 Apt. 38 , Guadalajara, 11538"
469,Ana,Morocho Guamán,ana.morocho.guamán@example.com,+34 902 523 919,"Callejón de Adelaida Lamas 25 Apt. 93 , Guipúzcoa, 11753"
470,Ana,Lema Lema,ana.lema.lema@example.com,+34871 145 186,"Acceso Matilde Porcel 87 Puerta 2 , Burgos, 22505"
471,Carmen,Sánchez Morocho,carmen.sánchez.morocho@example.com,+34887 191 870,"Calle Fito Jimenez 16 Piso 7 , Salamanca, 42413"
472,Verónica,Daquilema García,verónica.daquilema.garcía@example.com,+34 880740604,"Pasadizo Nilo Goñi 576, Lleida, 32604"
473,María,Zambrano Zambrano,maría.zambrano.zambrano@example.com,+34813 125 740,"Callejón de Eladio Cañas 48, Baleares, 14666"
474,Luis,Rodríguez Pilco,luis.rodríguez.pilco@example.com,+34 739 391 059,"Acceso de René Rosales 9 Piso 6 , Jaén, 04941"
475,José,Guamán Rodríguez,josé.guamán.rodríguez@example.com,+34 971 511 821,"Cuesta de Dolores Marquez 79 Puerta 1 , Jaén, 28437"
476,David,Pilco Pilco,david.pilco.pilco@example.com,+34 832 479 241,"Camino Jafet Tomas 48 Puerta 9 , Palencia, 49433"
477,Carmen,Cabrera Cabrera,carmen.cabrera.cabrera@example.com,+34 875 426 247,"Cuesta Aureliano Sanabria 25, Ciudad, 47045"
478,Sofía,Pilco Pilco,sofía.pilco.pilco@example.com,+34983 557 180,"Cuesta Luisina Sotelo 37, Segovia, 10709"
479,Ana,Guamán Daquilema,ana.guamán.daquilema@example.com,+34 988250773,"Avenida Lucho Fábregas 35 Puerta 1 , Cádiz, 15885"
480,Luis,Rodríguez Guamán,luis.rodríguez.guamán@example.com,+34 878 292 853,"Cañada de Emperatriz Izquierdo 984, La Rioja, 26832"
481,Sofía,Rodríguez Daquilema,sofía.rodríguez.daquilema@example.com,+34945 663 479,"Rambla de Bruno Portero 12, Vizcaya, 30776"
482,María,Daquilema Pilco,maría.daquilema.pilco@example.com,+34 684892018,"C. de Herminio Escribano 749 Puerta 3 , Burgos, 39171"
483,Juan,Sánchez Cabrera,juan.sánchez.cabrera@example.com,+34 942 871 097,"C. Tomasa Moles 1, Albacete, 23797"
484,José,Lema Pilco,josé.lema.pilco@example.com,+34825647145,"Rambla Angelina Bernat 52, Madrid, 09231"
485,David,Morocho Morocho,david.morocho.morocho@example.com,+34 883 980 693,"Rambla de Isaac Niño 196 Apt. 11 , La Rioja, 12257"
486,Carlos,Morocho Rodríguez,carlos.morocho.rodríguez@example.com,+34900002722,"Vial Marc Herrero 70, Cádiz, 28895"
487,José,Daquilema Guamán,josé.daquilema.guamán@example.com,+34 876 620 802,"Glorieta Rómulo Múgica 73 Piso 1 , Soria, 07336"
488,Verónica,García Pilco,verónica.garcía.pilco@example.com,+34 864351247,"Avenida Isidro Cuadrado 2 Apt. 64 , Guadalajara, 29364"
489,David,Cabrera Rodríguez,david.cabrera.rodríguez@example.com,+34 842024968,"Avenida Pili Ferrer 90, Granada, 14840"
490,María,Pilco Sánchez,maría.pilco.sánchez@example.com,+34943 152 784,"Calle de Maura Jurado 67, Jaén, 18019"
491,Ana,Daquilema Rodríguez,ana.daquilema.rodríguez@example.com,+34 800 864 791,"Vial de Édgar Nuñez 33 Puerta 6 , Córdoba, 40848"
492,Ana,Zambrano Morocho,ana.zambrano.morocho@example.com,+34981169771,"Plaza de Azahara Piquer 6, Ourense, 19295"
493,Carmen,Pilco Lema,carmen.pilco.lema@example.com,+34 949 89 68 52,"Acceso Nadia Hidalgo 88 Apt. 68 , Huelva, 20949"
494,María,García Guamán,maría.garcía.guamán@example.com,+34987 70 83 94,"Cañada de Sofía Ferrández 908 Apt. 75 , Cuenca, 46730"
495,José,García Pilco,josé.garcía.pilco@example.com,+34986 574 274,"Ronda Valentín Mir 16 Puerta 9 , Castellón, 46568"
496,Juan,Morocho Rodríguez,juan.morocho.rodríguez@example.com,+34923 547 415,"Paseo Cruz Blanca 76, Zaragoza, 26243"
497,Verónica,Cabrera Cabrera,verónica.cabrera.cabrera@example.com,+34973 13 33 20,"Avenida Sebastian Blanco 76 Piso 6 , Sevilla, 13397"
498,Sofía,Daquilema Rodríguez,sofía.daquilema.rodríguez@example.com,+34981 27 21 80,"Alameda de Macario Díaz 91 Puerta 0 , Cádiz, 21872"
499,José,Guamán Pilco,josé.guamán.pilco@example.com,+34 949764585,"Cañada de Victor Hoz 38, Córdoba, 47403"
500,Sofía,Morocho Lema,sofía.morocho.lema@example.com,+34 921 86 76 35,"Urbanización de Iván Salas 11 Apt. 19 , Navarra, 45714"
